Release,File,NAuth,NR,Age,Size,NFix,LOC_Added,ChgSetSize,Max_ChgSetSize,Avg_ChgSetSize,Buggy
1,storm-core/src/jvm/backtype/storm/Config.java,1,0,0,0,0,0,0,0,0,Yes
1,storm-core/src/jvm/backtype/storm/ConfigValidation.java,1,0,0,0,0,0,0,0,0,Yes
1,storm-core/src/jvm/backtype/storm/Constants.java,1,0,0,0,0,0,0,0,0,Yes
1,storm-core/src/jvm/backtype/storm/ILocalCluster.java,1,0,0,0,0,0,0,0,0,Yes
1,storm-core/src/jvm/backtype/storm/ILocalDRPC.java,1,0,0,0,0,0,0,0,0,No
1,storm-core/src/jvm/backtype/storm/StormSubmitter.java,1,0,0,0,0,0,0,0,0,Yes
1,storm-core/src/jvm/backtype/storm/clojure/ClojureBolt.java,1,0,0,0,0,0,0,0,0,No
1,storm-core/src/jvm/backtype/storm/clojure/ClojureSpout.java,1,0,0,0,0,0,0,0,0,No
1,storm-core/src/jvm/backtype/storm/clojure/RichShellBolt.java,1,0,0,0,0,0,0,0,0,No
1,storm-core/src/jvm/backtype/storm/clojure/RichShellSpout.java,1,0,0,0,0,0,0,0,0,No
1,storm-core/src/jvm/backtype/storm/coordination/BatchBoltExecutor.java,1,0,0,0,0,0,0,0,0,No
1,storm-core/src/jvm/backtype/storm/coordination/BatchOutputCollector.java,1,0,0,0,0,0,0,0,0,No
1,storm-core/src/jvm/backtype/storm/coordination/BatchOutputCollectorImpl.java,1,0,0,0,0,0,0,0,0,No
1,storm-core/src/jvm/backtype/storm/coordination/BatchSubtopologyBuilder.java,1,0,0,0,0,0,0,0,0,No
1,storm-core/src/jvm/backtype/storm/coordination/CoordinatedBolt.java,1,0,0,0,0,0,0,0,0,No
1,storm-core/src/jvm/backtype/storm/coordination/IBatchBolt.java,1,0,0,0,0,0,0,0,0,No
1,storm-core/src/jvm/backtype/storm/daemon/Shutdownable.java,1,0,0,0,0,0,0,0,0,No
1,storm-core/src/jvm/backtype/storm/drpc/DRPCInvocationsClient.java,1,0,0,0,0,0,0,0,0,Yes
1,storm-core/src/jvm/backtype/storm/drpc/DRPCSpout.java,1,0,0,0,0,0,0,0,0,Yes
1,storm-core/src/jvm/backtype/storm/drpc/JoinResult.java,1,0,0,0,0,0,0,0,0,No
1,storm-core/src/jvm/backtype/storm/drpc/KeyedFairBolt.java,1,0,0,0,0,0,0,0,0,No
1,storm-core/src/jvm/backtype/storm/drpc/LinearDRPCInputDeclarer.java,1,0,0,0,0,0,0,0,0,No
1,storm-core/src/jvm/backtype/storm/drpc/LinearDRPCTopologyBuilder.java,1,0,0,0,0,0,0,0,0,No
1,storm-core/src/jvm/backtype/storm/drpc/PrepareRequest.java,1,0,0,0,0,0,0,0,0,No
1,storm-core/src/jvm/backtype/storm/drpc/ReturnResults.java,1,0,0,0,0,0,0,0,0,Yes
1,storm-core/src/jvm/backtype/storm/generated/AlreadyAliveException.java,1,0,0,0,0,0,0,0,0,Yes
1,storm-core/src/jvm/backtype/storm/generated/Bolt.java,1,0,0,0,0,0,0,0,0,Yes
1,storm-core/src/jvm/backtype/storm/generated/BoltStats.java,1,0,0,0,0,0,0,0,0,Yes
1,storm-core/src/jvm/backtype/storm/generated/ClusterSummary.java,1,0,0,0,0,0,0,0,0,Yes
1,storm-core/src/jvm/backtype/storm/generated/ComponentCommon.java,1,0,0,0,0,0,0,0,0,Yes
1,storm-core/src/jvm/backtype/storm/generated/ComponentObject.java,1,0,0,0,0,0,0,0,0,Yes
1,storm-core/src/jvm/backtype/storm/generated/DRPCExecutionException.java,1,0,0,0,0,0,0,0,0,Yes
1,storm-core/src/jvm/backtype/storm/generated/DRPCRequest.java,1,0,0,0,0,0,0,0,0,Yes
1,storm-core/src/jvm/backtype/storm/generated/DistributedRPC.java,1,0,0,0,0,0,0,0,0,Yes
1,storm-core/src/jvm/backtype/storm/generated/DistributedRPCInvocations.java,1,0,0,0,0,0,0,0,0,Yes
1,storm-core/src/jvm/backtype/storm/generated/ErrorInfo.java,1,0,0,0,0,0,0,0,0,Yes
1,storm-core/src/jvm/backtype/storm/generated/ExecutorInfo.java,1,0,0,0,0,0,0,0,0,Yes
1,storm-core/src/jvm/backtype/storm/generated/ExecutorSpecificStats.java,1,0,0,0,0,0,0,0,0,Yes
1,storm-core/src/jvm/backtype/storm/generated/ExecutorStats.java,1,0,0,0,0,0,0,0,0,Yes
1,storm-core/src/jvm/backtype/storm/generated/ExecutorSummary.java,1,0,0,0,0,0,0,0,0,Yes
1,storm-core/src/jvm/backtype/storm/generated/GlobalStreamId.java,1,0,0,0,0,0,0,0,0,Yes
1,storm-core/src/jvm/backtype/storm/generated/Grouping.java,1,0,0,0,0,0,0,0,0,Yes
1,storm-core/src/jvm/backtype/storm/generated/InvalidTopologyException.java,1,0,0,0,0,0,0,0,0,Yes
1,storm-core/src/jvm/backtype/storm/generated/JavaObject.java,1,0,0,0,0,0,0,0,0,Yes
1,storm-core/src/jvm/backtype/storm/generated/JavaObjectArg.java,1,0,0,0,0,0,0,0,0,Yes
1,storm-core/src/jvm/backtype/storm/generated/KillOptions.java,1,0,0,0,0,0,0,0,0,Yes
1,storm-core/src/jvm/backtype/storm/generated/Nimbus.java,1,0,0,0,0,0,0,0,0,Yes
1,storm-core/src/jvm/backtype/storm/generated/NotAliveException.java,1,0,0,0,0,0,0,0,0,Yes
1,storm-core/src/jvm/backtype/storm/generated/NullStruct.java,1,0,0,0,0,0,0,0,0,Yes
1,storm-core/src/jvm/backtype/storm/generated/RebalanceOptions.java,1,0,0,0,0,0,0,0,0,Yes
1,storm-core/src/jvm/backtype/storm/generated/ShellComponent.java,1,0,0,0,0,0,0,0,0,Yes
1,storm-core/src/jvm/backtype/storm/generated/SpoutSpec.java,1,0,0,0,0,0,0,0,0,Yes
1,storm-core/src/jvm/backtype/storm/generated/SpoutStats.java,1,0,0,0,0,0,0,0,0,Yes
1,storm-core/src/jvm/backtype/storm/generated/StateSpoutSpec.java,1,0,0,0,0,0,0,0,0,Yes
1,storm-core/src/jvm/backtype/storm/generated/StormTopology.java,1,0,0,0,0,0,0,0,0,Yes
1,storm-core/src/jvm/backtype/storm/generated/StreamInfo.java,1,0,0,0,0,0,0,0,0,Yes
1,storm-core/src/jvm/backtype/storm/generated/SubmitOptions.java,1,0,0,0,0,0,0,0,0,Yes
1,storm-core/src/jvm/backtype/storm/generated/SupervisorSummary.java,1,0,0,0,0,0,0,0,0,Yes
1,storm-core/src/jvm/backtype/storm/generated/TopologyInfo.java,1,0,0,0,0,0,0,0,0,Yes
1,storm-core/src/jvm/backtype/storm/generated/TopologyInitialStatus.java,1,0,0,0,0,0,0,0,0,Yes
1,storm-core/src/jvm/backtype/storm/generated/TopologySummary.java,1,0,0,0,0,0,0,0,0,Yes
1,storm-core/src/jvm/backtype/storm/grouping/CustomStreamGrouping.java,1,0,0,0,0,0,0,0,0,No
1,storm-core/src/jvm/backtype/storm/hooks/BaseTaskHook.java,1,0,0,0,0,0,0,0,0,No
1,storm-core/src/jvm/backtype/storm/hooks/ITaskHook.java,1,0,0,0,0,0,0,0,0,No
1,storm-core/src/jvm/backtype/storm/hooks/info/BoltAckInfo.java,1,0,0,0,0,0,0,0,0,No
1,storm-core/src/jvm/backtype/storm/hooks/info/BoltExecuteInfo.java,1,0,0,0,0,0,0,0,0,No
1,storm-core/src/jvm/backtype/storm/hooks/info/BoltFailInfo.java,1,0,0,0,0,0,0,0,0,No
1,storm-core/src/jvm/backtype/storm/hooks/info/EmitInfo.java,1,0,0,0,0,0,0,0,0,No
1,storm-core/src/jvm/backtype/storm/hooks/info/SpoutAckInfo.java,1,0,0,0,0,0,0,0,0,No
1,storm-core/src/jvm/backtype/storm/hooks/info/SpoutFailInfo.java,1,0,0,0,0,0,0,0,0,No
1,storm-core/src/jvm/backtype/storm/messaging/IConnection.java,1,0,0,0,0,0,0,0,0,Yes
1,storm-core/src/jvm/backtype/storm/messaging/IContext.java,1,0,0,0,0,0,0,0,0,No
1,storm-core/src/jvm/backtype/storm/messaging/TaskMessage.java,1,0,0,0,0,0,0,0,0,No
1,storm-core/src/jvm/backtype/storm/messaging/TransportFactory.java,1,0,0,0,0,0,0,0,0,No
1,storm-core/src/jvm/backtype/storm/messaging/netty/Client.java,1,0,0,0,0,0,0,0,0,Yes
1,storm-core/src/jvm/backtype/storm/messaging/netty/Context.java,1,0,0,0,0,0,0,0,0,Yes
1,storm-core/src/jvm/backtype/storm/messaging/netty/ControlMessage.java,1,0,0,0,0,0,0,0,0,Yes
1,storm-core/src/jvm/backtype/storm/messaging/netty/MessageBatch.java,1,0,0,0,0,0,0,0,0,Yes
1,storm-core/src/jvm/backtype/storm/messaging/netty/MessageDecoder.java,1,0,0,0,0,0,0,0,0,Yes
1,storm-core/src/jvm/backtype/storm/messaging/netty/MessageEncoder.java,1,0,0,0,0,0,0,0,0,Yes
1,storm-core/src/jvm/backtype/storm/messaging/netty/Server.java,1,0,0,0,0,0,0,0,0,Yes
1,storm-core/src/jvm/backtype/storm/messaging/netty/StormClientHandler.java,1,0,0,0,0,0,0,0,0,Yes
1,storm-core/src/jvm/backtype/storm/messaging/netty/StormClientPipelineFactory.java,1,0,0,0,0,0,0,0,0,Yes
1,storm-core/src/jvm/backtype/storm/messaging/netty/StormServerHandler.java,1,0,0,0,0,0,0,0,0,Yes
1,storm-core/src/jvm/backtype/storm/messaging/netty/StormServerPipelineFactory.java,1,0,0,0,0,0,0,0,0,Yes
1,storm-core/src/jvm/backtype/storm/metric/LoggingMetricsConsumer.java,1,0,0,0,0,0,0,0,0,No
1,storm-core/src/jvm/backtype/storm/metric/MetricsConsumerBolt.java,1,0,0,0,0,0,0,0,0,No
1,storm-core/src/jvm/backtype/storm/metric/SystemBolt.java,1,0,0,0,0,0,0,0,0,Yes
1,storm-core/src/jvm/backtype/storm/metric/api/AssignableMetric.java,1,0,0,0,0,0,0,0,0,No
1,storm-core/src/jvm/backtype/storm/metric/api/CombinedMetric.java,1,0,0,0,0,0,0,0,0,No
1,storm-core/src/jvm/backtype/storm/metric/api/CountMetric.java,1,0,0,0,0,0,0,0,0,No
1,storm-core/src/jvm/backtype/storm/metric/api/ICombiner.java,1,0,0,0,0,0,0,0,0,No
1,storm-core/src/jvm/backtype/storm/metric/api/IMetric.java,1,0,0,0,0,0,0,0,0,No
1,storm-core/src/jvm/backtype/storm/metric/api/IMetricsConsumer.java,1,0,0,0,0,0,0,0,0,No
1,storm-core/src/jvm/backtype/storm/metric/api/IReducer.java,1,0,0,0,0,0,0,0,0,No
1,storm-core/src/jvm/backtype/storm/metric/api/IStatefulObject.java,1,0,0,0,0,0,0,0,0,No
1,storm-core/src/jvm/backtype/storm/metric/api/MeanReducer.java,1,0,0,0,0,0,0,0,0,No
1,storm-core/src/jvm/backtype/storm/metric/api/MultiCountMetric.java,1,0,0,0,0,0,0,0,0,No
1,storm-core/src/jvm/backtype/storm/metric/api/MultiReducedMetric.java,1,0,0,0,0,0,0,0,0,No
1,storm-core/src/jvm/backtype/storm/metric/api/ReducedMetric.java,1,0,0,0,0,0,0,0,0,No
1,storm-core/src/jvm/backtype/storm/metric/api/StateMetric.java,1,0,0,0,0,0,0,0,0,No
1,storm-core/src/jvm/backtype/storm/nimbus/DefaultTopologyValidator.java,1,0,0,0,0,0,0,0,0,No
1,storm-core/src/jvm/backtype/storm/nimbus/ITopologyValidator.java,1,0,0,0,0,0,0,0,0,No
1,storm-core/src/jvm/backtype/storm/planner/CompoundSpout.java,1,0,0,0,0,0,0,0,0,No
1,storm-core/src/jvm/backtype/storm/planner/CompoundTask.java,1,0,0,0,0,0,0,0,0,No
1,storm-core/src/jvm/backtype/storm/planner/TaskBundle.java,1,0,0,0,0,0,0,0,0,No
1,storm-core/src/jvm/backtype/storm/scheduler/Cluster.java,1,0,0,0,0,0,0,0,0,Yes
1,storm-core/src/jvm/backtype/storm/scheduler/ExecutorDetails.java,1,0,0,0,0,0,0,0,0,No
1,storm-core/src/jvm/backtype/storm/scheduler/INimbus.java,1,0,0,0,0,0,0,0,0,No
1,storm-core/src/jvm/backtype/storm/scheduler/IScheduler.java,1,0,0,0,0,0,0,0,0,No
1,storm-core/src/jvm/backtype/storm/scheduler/ISupervisor.java,1,0,0,0,0,0,0,0,0,No
1,storm-core/src/jvm/backtype/storm/scheduler/SchedulerAssignment.java,1,0,0,0,0,0,0,0,0,No
1,storm-core/src/jvm/backtype/storm/scheduler/SchedulerAssignmentImpl.java,1,0,0,0,0,0,0,0,0,No
1,storm-core/src/jvm/backtype/storm/scheduler/SupervisorDetails.java,1,0,0,0,0,0,0,0,0,Yes
1,storm-core/src/jvm/backtype/storm/scheduler/Topologies.java,1,0,0,0,0,0,0,0,0,Yes
1,storm-core/src/jvm/backtype/storm/scheduler/TopologyDetails.java,1,0,0,0,0,0,0,0,0,Yes
1,storm-core/src/jvm/backtype/storm/scheduler/WorkerSlot.java,1,0,0,0,0,0,0,0,0,Yes
1,storm-core/src/jvm/backtype/storm/security/auth/AuthUtils.java,1,0,0,0,0,0,0,0,0,Yes
1,storm-core/src/jvm/backtype/storm/security/auth/IAuthorizer.java,1,0,0,0,0,0,0,0,0,No
1,storm-core/src/jvm/backtype/storm/security/auth/ITransportPlugin.java,1,0,0,0,0,0,0,0,0,Yes
1,storm-core/src/jvm/backtype/storm/security/auth/ReqContext.java,1,0,0,0,0,0,0,0,0,Yes
1,storm-core/src/jvm/backtype/storm/security/auth/SaslTransportPlugin.java,1,0,0,0,0,0,0,0,0,Yes
1,storm-core/src/jvm/backtype/storm/security/auth/SimpleTransportPlugin.java,1,0,0,0,0,0,0,0,0,Yes
1,storm-core/src/jvm/backtype/storm/security/auth/ThriftClient.java,1,0,0,0,0,0,0,0,0,Yes
1,storm-core/src/jvm/backtype/storm/security/auth/ThriftServer.java,1,0,0,0,0,0,0,0,0,Yes
1,storm-core/src/jvm/backtype/storm/security/auth/authorizer/DenyAuthorizer.java,1,0,0,0,0,0,0,0,0,Yes
1,storm-core/src/jvm/backtype/storm/security/auth/authorizer/NoopAuthorizer.java,1,0,0,0,0,0,0,0,0,Yes
1,storm-core/src/jvm/backtype/storm/security/auth/digest/ClientCallbackHandler.java,1,0,0,0,0,0,0,0,0,No
1,storm-core/src/jvm/backtype/storm/security/auth/digest/DigestSaslTransportPlugin.java,1,0,0,0,0,0,0,0,0,Yes
1,storm-core/src/jvm/backtype/storm/security/auth/digest/ServerCallbackHandler.java,1,0,0,0,0,0,0,0,0,No
1,storm-core/src/jvm/backtype/storm/security/serialization/BlowfishTupleSerializer.java,1,0,0,0,0,0,0,0,0,No
1,storm-core/src/jvm/backtype/storm/serialization/DefaultKryoFactory.java,1,0,0,0,0,0,0,0,0,No
1,storm-core/src/jvm/backtype/storm/serialization/IKryoDecorator.java,1,0,0,0,0,0,0,0,0,No
1,storm-core/src/jvm/backtype/storm/serialization/IKryoFactory.java,1,0,0,0,0,0,0,0,0,No
1,storm-core/src/jvm/backtype/storm/serialization/ITupleDeserializer.java,1,0,0,0,0,0,0,0,0,No
1,storm-core/src/jvm/backtype/storm/serialization/ITupleSerializer.java,1,0,0,0,0,0,0,0,0,No
1,storm-core/src/jvm/backtype/storm/serialization/KryoTupleDeserializer.java,1,0,0,0,0,0,0,0,0,No
1,storm-core/src/jvm/backtype/storm/serialization/KryoTupleSerializer.java,1,0,0,0,0,0,0,0,0,No
1,storm-core/src/jvm/backtype/storm/serialization/KryoValuesDeserializer.java,1,0,0,0,0,0,0,0,0,No
1,storm-core/src/jvm/backtype/storm/serialization/KryoValuesSerializer.java,1,0,0,0,0,0,0,0,0,No
1,storm-core/src/jvm/backtype/storm/serialization/SerializableSerializer.java,1,0,0,0,0,0,0,0,0,No
1,storm-core/src/jvm/backtype/storm/serialization/SerializationFactory.java,1,0,0,0,0,0,0,0,0,No
1,storm-core/src/jvm/backtype/storm/serialization/types/ArrayListSerializer.java,1,0,0,0,0,0,0,0,0,No
1,storm-core/src/jvm/backtype/storm/serialization/types/HashMapSerializer.java,1,0,0,0,0,0,0,0,0,No
1,storm-core/src/jvm/backtype/storm/serialization/types/HashSetSerializer.java,1,0,0,0,0,0,0,0,0,No
1,storm-core/src/jvm/backtype/storm/serialization/types/ListDelegateSerializer.java,1,0,0,0,0,0,0,0,0,No
1,storm-core/src/jvm/backtype/storm/spout/IMultiSchemableSpout.java,1,0,0,0,0,0,0,0,0,No
1,storm-core/src/jvm/backtype/storm/spout/ISchemableSpout.java,1,0,0,0,0,0,0,0,0,No
1,storm-core/src/jvm/backtype/storm/spout/ISpout.java,1,0,0,0,0,0,0,0,0,Yes
1,storm-core/src/jvm/backtype/storm/spout/ISpoutOutputCollector.java,1,0,0,0,0,0,0,0,0,No
1,storm-core/src/jvm/backtype/storm/spout/ISpoutWaitStrategy.java,1,0,0,0,0,0,0,0,0,No
1,storm-core/src/jvm/backtype/storm/spout/MultiScheme.java,1,0,0,0,0,0,0,0,0,No
1,storm-core/src/jvm/backtype/storm/spout/NothingEmptyEmitStrategy.java,1,0,0,0,0,0,0,0,0,No
1,storm-core/src/jvm/backtype/storm/spout/RawMultiScheme.java,1,0,0,0,0,0,0,0,0,Yes
1,storm-core/src/jvm/backtype/storm/spout/RawScheme.java,1,0,0,0,0,0,0,0,0,No
1,storm-core/src/jvm/backtype/storm/spout/Scheme.java,1,0,0,0,0,0,0,0,0,No
1,storm-core/src/jvm/backtype/storm/spout/SchemeAsMultiScheme.java,1,0,0,0,0,0,0,0,0,No
1,storm-core/src/jvm/backtype/storm/spout/ShellSpout.java,1,0,0,0,0,0,0,0,0,Yes
1,storm-core/src/jvm/backtype/storm/spout/SleepSpoutWaitStrategy.java,1,0,0,0,0,0,0,0,0,No
1,storm-core/src/jvm/backtype/storm/spout/SpoutOutputCollector.java,1,0,0,0,0,0,0,0,0,No
1,storm-core/src/jvm/backtype/storm/state/IStateSpout.java,1,0,0,0,0,0,0,0,0,No
1,storm-core/src/jvm/backtype/storm/state/IStateSpoutOutputCollector.java,1,0,0,0,0,0,0,0,0,No
1,storm-core/src/jvm/backtype/storm/state/ISubscribedState.java,1,0,0,0,0,0,0,0,0,No
1,storm-core/src/jvm/backtype/storm/state/ISynchronizeOutputCollector.java,1,0,0,0,0,0,0,0,0,No
1,storm-core/src/jvm/backtype/storm/state/StateSpoutOutputCollector.java,1,0,0,0,0,0,0,0,0,No
1,storm-core/src/jvm/backtype/storm/state/SynchronizeOutputCollector.java,1,0,0,0,0,0,0,0,0,No
1,storm-core/src/jvm/backtype/storm/task/GeneralTopologyContext.java,1,0,0,0,0,0,0,0,0,No
1,storm-core/src/jvm/backtype/storm/task/IBolt.java,1,0,0,0,0,0,0,0,0,Yes
1,storm-core/src/jvm/backtype/storm/task/IErrorReporter.java,1,0,0,0,0,0,0,0,0,No
1,storm-core/src/jvm/backtype/storm/task/IMetricsContext.java,1,0,0,0,0,0,0,0,0,No
1,storm-core/src/jvm/backtype/storm/task/IOutputCollector.java,1,0,0,0,0,0,0,0,0,No
1,storm-core/src/jvm/backtype/storm/task/OutputCollector.java,1,0,0,0,0,0,0,0,0,Yes
1,storm-core/src/jvm/backtype/storm/task/ShellBolt.java,1,0,0,0,0,0,0,0,0,Yes
1,storm-core/src/jvm/backtype/storm/task/TopologyContext.java,1,0,0,0,0,0,0,0,0,Yes
1,storm-core/src/jvm/backtype/storm/task/WorkerTopologyContext.java,1,0,0,0,0,0,0,0,0,No
1,storm-core/src/jvm/backtype/storm/testing/AckFailDelegate.java,1,0,0,0,0,0,0,0,0,No
1,storm-core/src/jvm/backtype/storm/testing/AckFailMapTracker.java,1,0,0,0,0,0,0,0,0,No
1,storm-core/src/jvm/backtype/storm/testing/AckTracker.java,1,0,0,0,0,0,0,0,0,No
1,storm-core/src/jvm/backtype/storm/testing/BatchNumberList.java,1,0,0,0,0,0,0,0,0,No
1,storm-core/src/jvm/backtype/storm/testing/BatchProcessWord.java,1,0,0,0,0,0,0,0,0,No
1,storm-core/src/jvm/backtype/storm/testing/BatchRepeatA.java,1,0,0,0,0,0,0,0,0,No
1,storm-core/src/jvm/backtype/storm/testing/BoltTracker.java,1,0,0,0,0,0,0,0,0,No
1,storm-core/src/jvm/backtype/storm/testing/CompleteTopologyParam.java,1,0,0,0,0,0,0,0,0,No
1,storm-core/src/jvm/backtype/storm/testing/CountingBatchBolt.java,1,0,0,0,0,0,0,0,0,No
1,storm-core/src/jvm/backtype/storm/testing/CountingCommitBolt.java,1,0,0,0,0,0,0,0,0,No
1,storm-core/src/jvm/backtype/storm/testing/FeederSpout.java,1,0,0,0,0,0,0,0,0,No
1,storm-core/src/jvm/backtype/storm/testing/FixedTuple.java,1,0,0,0,0,0,0,0,0,No
1,storm-core/src/jvm/backtype/storm/testing/FixedTupleSpout.java,1,0,0,0,0,0,0,0,0,No
1,storm-core/src/jvm/backtype/storm/testing/IdentityBolt.java,1,0,0,0,0,0,0,0,0,No
1,storm-core/src/jvm/backtype/storm/testing/KeyedCountingBatchBolt.java,1,0,0,0,0,0,0,0,0,No
1,storm-core/src/jvm/backtype/storm/testing/KeyedCountingCommitterBolt.java,1,0,0,0,0,0,0,0,0,No
1,storm-core/src/jvm/backtype/storm/testing/KeyedSummingBatchBolt.java,1,0,0,0,0,0,0,0,0,No
1,storm-core/src/jvm/backtype/storm/testing/MemoryTransactionalSpout.java,1,0,0,0,0,0,0,0,0,No
1,storm-core/src/jvm/backtype/storm/testing/MemoryTransactionalSpoutMeta.java,1,0,0,0,0,0,0,0,0,No
1,storm-core/src/jvm/backtype/storm/testing/MkClusterParam.java,1,0,0,0,0,0,0,0,0,No
1,storm-core/src/jvm/backtype/storm/testing/MkTupleParam.java,1,0,0,0,0,0,0,0,0,No
1,storm-core/src/jvm/backtype/storm/testing/MockedSources.java,1,0,0,0,0,0,0,0,0,No
1,storm-core/src/jvm/backtype/storm/testing/NGrouping.java,1,0,0,0,0,0,0,0,0,No
1,storm-core/src/jvm/backtype/storm/testing/NonRichBoltTracker.java,1,0,0,0,0,0,0,0,0,No
1,storm-core/src/jvm/backtype/storm/testing/OpaqueMemoryTransactionalSpout.java,1,0,0,0,0,0,0,0,0,No
1,storm-core/src/jvm/backtype/storm/testing/PrepareBatchBolt.java,1,0,0,0,0,0,0,0,0,No
1,storm-core/src/jvm/backtype/storm/testing/SpoutTracker.java,1,0,0,0,0,0,0,0,0,No
1,storm-core/src/jvm/backtype/storm/testing/TestAggregatesCounter.java,1,0,0,0,0,0,0,0,0,No
1,storm-core/src/jvm/backtype/storm/testing/TestConfBolt.java,1,0,0,0,0,0,0,0,0,No
1,storm-core/src/jvm/backtype/storm/testing/TestGlobalCount.java,1,0,0,0,0,0,0,0,0,No
1,storm-core/src/jvm/backtype/storm/testing/TestJob.java,1,0,0,0,0,0,0,0,0,No
1,storm-core/src/jvm/backtype/storm/testing/TestKryoDecorator.java,1,0,0,0,0,0,0,0,0,No
1,storm-core/src/jvm/backtype/storm/testing/TestPlannerBolt.java,1,0,0,0,0,0,0,0,0,No
1,storm-core/src/jvm/backtype/storm/testing/TestPlannerSpout.java,1,0,0,0,0,0,0,0,0,No
1,storm-core/src/jvm/backtype/storm/testing/TestSerObject.java,1,0,0,0,0,0,0,0,0,No
1,storm-core/src/jvm/backtype/storm/testing/TestWordCounter.java,1,0,0,0,0,0,0,0,0,No
1,storm-core/src/jvm/backtype/storm/testing/TestWordSpout.java,1,0,0,0,0,0,0,0,0,No
1,storm-core/src/jvm/backtype/storm/testing/TrackedTopology.java,1,0,0,0,0,0,0,0,0,No
1,storm-core/src/jvm/backtype/storm/testing/TupleCaptureBolt.java,1,0,0,0,0,0,0,0,0,No
1,storm-core/src/jvm/backtype/storm/topology/BaseConfigurationDeclarer.java,1,0,0,0,0,0,0,0,0,No
1,storm-core/src/jvm/backtype/storm/topology/BasicBoltExecutor.java,1,0,0,0,0,0,0,0,0,No
1,storm-core/src/jvm/backtype/storm/topology/BasicOutputCollector.java,1,0,0,0,0,0,0,0,0,No
1,storm-core/src/jvm/backtype/storm/topology/BoltDeclarer.java,1,0,0,0,0,0,0,0,0,No
1,storm-core/src/jvm/backtype/storm/topology/ComponentConfigurationDeclarer.java,1,0,0,0,0,0,0,0,0,No
1,storm-core/src/jvm/backtype/storm/topology/FailedException.java,1,0,0,0,0,0,0,0,0,No
1,storm-core/src/jvm/backtype/storm/topology/IBasicBolt.java,1,0,0,0,0,0,0,0,0,No
1,storm-core/src/jvm/backtype/storm/topology/IBasicOutputCollector.java,1,0,0,0,0,0,0,0,0,No
1,storm-core/src/jvm/backtype/storm/topology/IComponent.java,1,0,0,0,0,0,0,0,0,No
1,storm-core/src/jvm/backtype/storm/topology/IRichBolt.java,1,0,0,0,0,0,0,0,0,No
1,storm-core/src/jvm/backtype/storm/topology/IRichSpout.java,1,0,0,0,0,0,0,0,0,No
1,storm-core/src/jvm/backtype/storm/topology/IRichStateSpout.java,1,0,0,0,0,0,0,0,0,No
1,storm-core/src/jvm/backtype/storm/topology/InputDeclarer.java,1,0,0,0,0,0,0,0,0,No
1,storm-core/src/jvm/backtype/storm/topology/OutputFieldsDeclarer.java,1,0,0,0,0,0,0,0,0,No
1,storm-core/src/jvm/backtype/storm/topology/OutputFieldsGetter.java,1,0,0,0,0,0,0,0,0,No
1,storm-core/src/jvm/backtype/storm/topology/ReportedFailedException.java,1,0,0,0,0,0,0,0,0,No
1,storm-core/src/jvm/backtype/storm/topology/SpoutDeclarer.java,1,0,0,0,0,0,0,0,0,No
1,storm-core/src/jvm/backtype/storm/topology/TopologyBuilder.java,1,0,0,0,0,0,0,0,0,Yes
1,storm-core/src/jvm/backtype/storm/topology/base/BaseBasicBolt.java,1,0,0,0,0,0,0,0,0,No
1,storm-core/src/jvm/backtype/storm/topology/base/BaseBatchBolt.java,1,0,0,0,0,0,0,0,0,No
1,storm-core/src/jvm/backtype/storm/topology/base/BaseComponent.java,1,0,0,0,0,0,0,0,0,No
1,storm-core/src/jvm/backtype/storm/topology/base/BaseOpaquePartitionedTransactionalSpout.java,1,0,0,0,0,0,0,0,0,No
1,storm-core/src/jvm/backtype/storm/topology/base/BasePartitionedTransactionalSpout.java,1,0,0,0,0,0,0,0,0,No
1,storm-core/src/jvm/backtype/storm/topology/base/BaseRichBolt.java,1,0,0,0,0,0,0,0,0,No
1,storm-core/src/jvm/backtype/storm/topology/base/BaseRichSpout.java,1,0,0,0,0,0,0,0,0,No
1,storm-core/src/jvm/backtype/storm/topology/base/BaseTransactionalBolt.java,1,0,0,0,0,0,0,0,0,No
1,storm-core/src/jvm/backtype/storm/topology/base/BaseTransactionalSpout.java,1,0,0,0,0,0,0,0,0,No
1,storm-core/src/jvm/backtype/storm/transactional/ICommitter.java,1,0,0,0,0,0,0,0,0,No
1,storm-core/src/jvm/backtype/storm/transactional/ICommitterTransactionalSpout.java,1,0,0,0,0,0,0,0,0,No
1,storm-core/src/jvm/backtype/storm/transactional/ITransactionalSpout.java,1,0,0,0,0,0,0,0,0,No
1,storm-core/src/jvm/backtype/storm/transactional/TransactionAttempt.java,1,0,0,0,0,0,0,0,0,No
1,storm-core/src/jvm/backtype/storm/transactional/TransactionalSpoutBatchExecutor.java,1,0,0,0,0,0,0,0,0,No
1,storm-core/src/jvm/backtype/storm/transactional/TransactionalSpoutCoordinator.java,1,0,0,0,0,0,0,0,0,No
1,storm-core/src/jvm/backtype/storm/transactional/TransactionalTopologyBuilder.java,1,0,0,0,0,0,0,0,0,No
1,storm-core/src/jvm/backtype/storm/transactional/partitioned/IOpaquePartitionedTransactionalSpout.java,1,0,0,0,0,0,0,0,0,No
1,storm-core/src/jvm/backtype/storm/transactional/partitioned/IPartitionedTransactionalSpout.java,1,0,0,0,0,0,0,0,0,No
1,storm-core/src/jvm/backtype/storm/transactional/partitioned/OpaquePartitionedTransactionalSpoutExecutor.java,1,0,0,0,0,0,0,0,0,No
1,storm-core/src/jvm/backtype/storm/transactional/partitioned/PartitionedTransactionalSpoutExecutor.java,1,0,0,0,0,0,0,0,0,No
1,storm-core/src/jvm/backtype/storm/transactional/state/RotatingTransactionalState.java,1,0,0,0,0,0,0,0,0,No
1,storm-core/src/jvm/backtype/storm/transactional/state/TransactionalState.java,1,0,0,0,0,0,0,0,0,Yes
1,storm-core/src/jvm/backtype/storm/tuple/Fields.java,1,0,0,0,0,0,0,0,0,No
1,storm-core/src/jvm/backtype/storm/tuple/MessageId.java,1,0,0,0,0,0,0,0,0,No
1,storm-core/src/jvm/backtype/storm/tuple/Tuple.java,1,0,0,0,0,0,0,0,0,No
1,storm-core/src/jvm/backtype/storm/tuple/TupleImpl.java,1,0,0,0,0,0,0,0,0,No
1,storm-core/src/jvm/backtype/storm/tuple/Values.java,1,0,0,0,0,0,0,0,0,No
1,storm-core/src/jvm/backtype/storm/utils/BufferFileInputStream.java,1,0,0,0,0,0,0,0,0,No
1,storm-core/src/jvm/backtype/storm/utils/CRC32OutputStream.java,1,0,0,0,0,0,0,0,0,No
1,storm-core/src/jvm/backtype/storm/utils/ClojureTimerTask.java,1,0,0,0,0,0,0,0,0,No
1,storm-core/src/jvm/backtype/storm/utils/Container.java,1,0,0,0,0,0,0,0,0,No
1,storm-core/src/jvm/backtype/storm/utils/DRPCClient.java,1,0,0,0,0,0,0,0,0,Yes
1,storm-core/src/jvm/backtype/storm/utils/DisruptorQueue.java,1,0,0,0,0,0,0,0,0,Yes
1,storm-core/src/jvm/backtype/storm/utils/IndifferentAccessMap.java,1,0,0,0,0,0,0,0,0,No
1,storm-core/src/jvm/backtype/storm/utils/InprocMessaging.java,1,0,0,0,0,0,0,0,0,No
1,storm-core/src/jvm/backtype/storm/utils/KeyedRoundRobinQueue.java,1,0,0,0,0,0,0,0,0,No
1,storm-core/src/jvm/backtype/storm/utils/ListDelegate.java,1,0,0,0,0,0,0,0,0,No
1,storm-core/src/jvm/backtype/storm/utils/LocalState.java,1,0,0,0,0,0,0,0,0,Yes
1,storm-core/src/jvm/backtype/storm/utils/MutableInt.java,1,0,0,0,0,0,0,0,0,No
1,storm-core/src/jvm/backtype/storm/utils/MutableLong.java,1,0,0,0,0,0,0,0,0,No
1,storm-core/src/jvm/backtype/storm/utils/MutableObject.java,1,0,0,0,0,0,0,0,0,No
1,storm-core/src/jvm/backtype/storm/utils/NimbusClient.java,1,0,0,0,0,0,0,0,0,Yes
1,storm-core/src/jvm/backtype/storm/utils/RegisteredGlobalState.java,1,0,0,0,0,0,0,0,0,No
1,storm-core/src/jvm/backtype/storm/utils/RotatingMap.java,1,0,0,0,0,0,0,0,0,No
1,storm-core/src/jvm/backtype/storm/utils/ServiceRegistry.java,1,0,0,0,0,0,0,0,0,No
1,storm-core/src/jvm/backtype/storm/utils/ShellProcess.java,1,0,0,0,0,0,0,0,0,Yes
1,storm-core/src/jvm/backtype/storm/utils/ThriftTopologyUtils.java,1,0,0,0,0,0,0,0,0,No
1,storm-core/src/jvm/backtype/storm/utils/Time.java,1,0,0,0,0,0,0,0,0,Yes
1,storm-core/src/jvm/backtype/storm/utils/TimeCacheMap.java,1,0,0,0,0,0,0,0,0,No
1,storm-core/src/jvm/backtype/storm/utils/Utils.java,1,0,0,0,0,0,0,0,0,Yes
1,storm-core/src/jvm/backtype/storm/utils/VersionedStore.java,1,0,0,0,0,0,0,0,0,No
1,storm-core/src/jvm/backtype/storm/utils/WindowedTimeThrottler.java,1,0,0,0,0,0,0,0,0,No
1,storm-core/src/jvm/backtype/storm/utils/WritableUtils.java,1,0,0,0,0,0,0,0,0,No
1,storm-core/src/jvm/backtype/storm/utils/ZookeeperAuthInfo.java,1,0,0,0,0,0,0,0,0,Yes
1,storm-core/src/jvm/storm/trident/JoinType.java,1,0,0,0,0,0,0,0,0,No
1,storm-core/src/jvm/storm/trident/Stream.java,1,0,0,0,0,0,0,0,0,Yes
1,storm-core/src/jvm/storm/trident/TridentState.java,1,0,0,0,0,0,0,0,0,No
1,storm-core/src/jvm/storm/trident/TridentTopology.java,1,0,0,0,0,0,0,0,0,Yes
1,storm-core/src/jvm/storm/trident/drpc/ReturnResultsReducer.java,1,0,0,0,0,0,0,0,0,Yes
1,storm-core/src/jvm/storm/trident/fluent/ChainedAggregatorDeclarer.java,1,0,0,0,0,0,0,0,0,No
1,storm-core/src/jvm/storm/trident/fluent/ChainedFullAggregatorDeclarer.java,1,0,0,0,0,0,0,0,0,No
1,storm-core/src/jvm/storm/trident/fluent/ChainedPartitionAggregatorDeclarer.java,1,0,0,0,0,0,0,0,0,No
1,storm-core/src/jvm/storm/trident/fluent/GlobalAggregationScheme.java,1,0,0,0,0,0,0,0,0,No
1,storm-core/src/jvm/storm/trident/fluent/GroupedStream.java,1,0,0,0,0,0,0,0,0,No
1,storm-core/src/jvm/storm/trident/fluent/IAggregatableStream.java,1,0,0,0,0,0,0,0,0,No
1,storm-core/src/jvm/storm/trident/fluent/IChainedAggregatorDeclarer.java,1,0,0,0,0,0,0,0,0,No
1,storm-core/src/jvm/storm/trident/fluent/UniqueIdGen.java,1,0,0,0,0,0,0,0,0,No
1,storm-core/src/jvm/storm/trident/graph/GraphGrouper.java,1,0,0,0,0,0,0,0,0,Yes
1,storm-core/src/jvm/storm/trident/graph/Group.java,1,0,0,0,0,0,0,0,0,No
1,storm-core/src/jvm/storm/trident/operation/Aggregator.java,1,0,0,0,0,0,0,0,0,No
1,storm-core/src/jvm/storm/trident/operation/Assembly.java,1,0,0,0,0,0,0,0,0,No
1,storm-core/src/jvm/storm/trident/operation/BaseAggregator.java,1,0,0,0,0,0,0,0,0,No
1,storm-core/src/jvm/storm/trident/operation/BaseFilter.java,1,0,0,0,0,0,0,0,0,No
1,storm-core/src/jvm/storm/trident/operation/BaseFunction.java,1,0,0,0,0,0,0,0,0,No
1,storm-core/src/jvm/storm/trident/operation/BaseMultiReducer.java,1,0,0,0,0,0,0,0,0,No
1,storm-core/src/jvm/storm/trident/operation/BaseOperation.java,1,0,0,0,0,0,0,0,0,No
1,storm-core/src/jvm/storm/trident/operation/CombinerAggregator.java,1,0,0,0,0,0,0,0,0,No
1,storm-core/src/jvm/storm/trident/operation/EachOperation.java,1,0,0,0,0,0,0,0,0,No
1,storm-core/src/jvm/storm/trident/operation/Filter.java,1,0,0,0,0,0,0,0,0,No
1,storm-core/src/jvm/storm/trident/operation/Function.java,1,0,0,0,0,0,0,0,0,No
1,storm-core/src/jvm/storm/trident/operation/GroupedMultiReducer.java,1,0,0,0,0,0,0,0,0,No
1,storm-core/src/jvm/storm/trident/operation/MultiReducer.java,1,0,0,0,0,0,0,0,0,No
1,storm-core/src/jvm/storm/trident/operation/Operation.java,1,0,0,0,0,0,0,0,0,No
1,storm-core/src/jvm/storm/trident/operation/ReducerAggregator.java,1,0,0,0,0,0,0,0,0,No
1,storm-core/src/jvm/storm/trident/operation/TridentCollector.java,1,0,0,0,0,0,0,0,0,No
1,storm-core/src/jvm/storm/trident/operation/TridentMultiReducerContext.java,1,0,0,0,0,0,0,0,0,No
1,storm-core/src/jvm/storm/trident/operation/TridentOperationContext.java,1,0,0,0,0,0,0,0,0,No
1,storm-core/src/jvm/storm/trident/operation/builtin/Count.java,1,0,0,0,0,0,0,0,0,No
1,storm-core/src/jvm/storm/trident/operation/builtin/Debug.java,1,0,0,0,0,0,0,0,0,No
1,storm-core/src/jvm/storm/trident/operation/builtin/Equals.java,1,0,0,0,0,0,0,0,0,No
1,storm-core/src/jvm/storm/trident/operation/builtin/FilterNull.java,1,0,0,0,0,0,0,0,0,No
1,storm-core/src/jvm/storm/trident/operation/builtin/FirstN.java,1,0,0,0,0,0,0,0,0,No
1,storm-core/src/jvm/storm/trident/operation/builtin/MapGet.java,1,0,0,0,0,0,0,0,0,No
1,storm-core/src/jvm/storm/trident/operation/builtin/Negate.java,1,0,0,0,0,0,0,0,0,No
1,storm-core/src/jvm/storm/trident/operation/builtin/SnapshotGet.java,1,0,0,0,0,0,0,0,0,No
1,storm-core/src/jvm/storm/trident/operation/builtin/Sum.java,1,0,0,0,0,0,0,0,0,No
1,storm-core/src/jvm/storm/trident/operation/builtin/TupleCollectionGet.java,1,0,0,0,0,0,0,0,0,No
1,storm-core/src/jvm/storm/trident/operation/impl/CaptureCollector.java,1,0,0,0,0,0,0,0,0,No
1,storm-core/src/jvm/storm/trident/operation/impl/ChainedAggregatorImpl.java,1,0,0,0,0,0,0,0,0,No
1,storm-core/src/jvm/storm/trident/operation/impl/ChainedResult.java,1,0,0,0,0,0,0,0,0,No
1,storm-core/src/jvm/storm/trident/operation/impl/CombinerAggStateUpdater.java,1,0,0,0,0,0,0,0,0,No
1,storm-core/src/jvm/storm/trident/operation/impl/CombinerAggregatorCombineImpl.java,1,0,0,0,0,0,0,0,0,No
1,storm-core/src/jvm/storm/trident/operation/impl/CombinerAggregatorInitImpl.java,1,0,0,0,0,0,0,0,0,No
1,storm-core/src/jvm/storm/trident/operation/impl/FilterExecutor.java,1,0,0,0,0,0,0,0,0,No
1,storm-core/src/jvm/storm/trident/operation/impl/GlobalBatchToPartition.java,1,0,0,0,0,0,0,0,0,No
1,storm-core/src/jvm/storm/trident/operation/impl/GroupCollector.java,1,0,0,0,0,0,0,0,0,No
1,storm-core/src/jvm/storm/trident/operation/impl/GroupedAggregator.java,1,0,0,0,0,0,0,0,0,No
1,storm-core/src/jvm/storm/trident/operation/impl/GroupedMultiReducerExecutor.java,1,0,0,0,0,0,0,0,0,No
1,storm-core/src/jvm/storm/trident/operation/impl/IdentityMultiReducer.java,1,0,0,0,0,0,0,0,0,No
1,storm-core/src/jvm/storm/trident/operation/impl/IndexHashBatchToPartition.java,1,0,0,0,0,0,0,0,0,No
1,storm-core/src/jvm/storm/trident/operation/impl/JoinerMultiReducer.java,1,0,0,0,0,0,0,0,0,No
1,storm-core/src/jvm/storm/trident/operation/impl/ReducerAggStateUpdater.java,1,0,0,0,0,0,0,0,0,No
1,storm-core/src/jvm/storm/trident/operation/impl/ReducerAggregatorImpl.java,1,0,0,0,0,0,0,0,0,No
1,storm-core/src/jvm/storm/trident/operation/impl/Result.java,1,0,0,0,0,0,0,0,0,No
1,storm-core/src/jvm/storm/trident/operation/impl/SingleEmitAggregator.java,1,0,0,0,0,0,0,0,0,No
1,storm-core/src/jvm/storm/trident/operation/impl/TrueFilter.java,1,0,0,0,0,0,0,0,0,No
1,storm-core/src/jvm/storm/trident/partition/GlobalGrouping.java,1,0,0,0,0,0,0,0,0,No
1,storm-core/src/jvm/storm/trident/partition/IdentityGrouping.java,1,0,0,0,0,0,0,0,0,No
1,storm-core/src/jvm/storm/trident/partition/IndexHashGrouping.java,1,0,0,0,0,0,0,0,0,No
1,storm-core/src/jvm/storm/trident/planner/BridgeReceiver.java,1,0,0,0,0,0,0,0,0,No
1,storm-core/src/jvm/storm/trident/planner/Node.java,1,0,0,0,0,0,0,0,0,No
1,storm-core/src/jvm/storm/trident/planner/NodeStateInfo.java,1,0,0,0,0,0,0,0,0,No
1,storm-core/src/jvm/storm/trident/planner/PartitionNode.java,1,0,0,0,0,0,0,0,0,No
1,storm-core/src/jvm/storm/trident/planner/ProcessorContext.java,1,0,0,0,0,0,0,0,0,No
1,storm-core/src/jvm/storm/trident/planner/ProcessorNode.java,1,0,0,0,0,0,0,0,0,No
1,storm-core/src/jvm/storm/trident/planner/SpoutNode.java,1,0,0,0,0,0,0,0,0,No
1,storm-core/src/jvm/storm/trident/planner/SubtopologyBolt.java,1,0,0,0,0,0,0,0,0,No
1,storm-core/src/jvm/storm/trident/planner/TridentProcessor.java,1,0,0,0,0,0,0,0,0,No
1,storm-core/src/jvm/storm/trident/planner/TupleReceiver.java,1,0,0,0,0,0,0,0,0,No
1,storm-core/src/jvm/storm/trident/planner/processor/AggregateProcessor.java,1,0,0,0,0,0,0,0,0,No
1,storm-core/src/jvm/storm/trident/planner/processor/AppendCollector.java,1,0,0,0,0,0,0,0,0,No
1,storm-core/src/jvm/storm/trident/planner/processor/EachProcessor.java,1,0,0,0,0,0,0,0,0,No
1,storm-core/src/jvm/storm/trident/planner/processor/FreshCollector.java,1,0,0,0,0,0,0,0,0,No
1,storm-core/src/jvm/storm/trident/planner/processor/MultiReducerProcessor.java,1,0,0,0,0,0,0,0,0,No
1,storm-core/src/jvm/storm/trident/planner/processor/PartitionPersistProcessor.java,1,0,0,0,0,0,0,0,0,No
1,storm-core/src/jvm/storm/trident/planner/processor/ProjectedProcessor.java,1,0,0,0,0,0,0,0,0,No
1,storm-core/src/jvm/storm/trident/planner/processor/StateQueryProcessor.java,1,0,0,0,0,0,0,0,0,Yes
1,storm-core/src/jvm/storm/trident/planner/processor/TridentContext.java,1,0,0,0,0,0,0,0,0,No
1,storm-core/src/jvm/storm/trident/spout/BatchSpoutExecutor.java,1,0,0,0,0,0,0,0,0,No
1,storm-core/src/jvm/storm/trident/spout/IBatchID.java,1,0,0,0,0,0,0,0,0,No
1,storm-core/src/jvm/storm/trident/spout/IBatchSpout.java,1,0,0,0,0,0,0,0,0,Yes
1,storm-core/src/jvm/storm/trident/spout/ICommitterTridentSpout.java,1,0,0,0,0,0,0,0,0,No
1,storm-core/src/jvm/storm/trident/spout/IOpaquePartitionedTridentSpout.java,1,0,0,0,0,0,0,0,0,Yes
1,storm-core/src/jvm/storm/trident/spout/IPartitionedTridentSpout.java,1,0,0,0,0,0,0,0,0,Yes
1,storm-core/src/jvm/storm/trident/spout/ISpoutPartition.java,1,0,0,0,0,0,0,0,0,No
1,storm-core/src/jvm/storm/trident/spout/ITridentSpout.java,1,0,0,0,0,0,0,0,0,Yes
1,storm-core/src/jvm/storm/trident/spout/OpaquePartitionedTridentSpoutExecutor.java,1,0,0,0,0,0,0,0,0,No
1,storm-core/src/jvm/storm/trident/spout/PartitionedTridentSpoutExecutor.java,1,0,0,0,0,0,0,0,0,No
1,storm-core/src/jvm/storm/trident/spout/RichSpoutBatchExecutor.java,1,0,0,0,0,0,0,0,0,Yes
1,storm-core/src/jvm/storm/trident/spout/RichSpoutBatchId.java,1,0,0,0,0,0,0,0,0,No
1,storm-core/src/jvm/storm/trident/spout/RichSpoutBatchIdSerializer.java,1,0,0,0,0,0,0,0,0,No
1,storm-core/src/jvm/storm/trident/spout/RichSpoutBatchTriggerer.java,1,0,0,0,0,0,0,0,0,Yes
1,storm-core/src/jvm/storm/trident/spout/TridentSpoutCoordinator.java,1,0,0,0,0,0,0,0,0,No
1,storm-core/src/jvm/storm/trident/spout/TridentSpoutExecutor.java,1,0,0,0,0,0,0,0,0,No
1,storm-core/src/jvm/storm/trident/state/BaseQueryFunction.java,1,0,0,0,0,0,0,0,0,No
1,storm-core/src/jvm/storm/trident/state/BaseStateUpdater.java,1,0,0,0,0,0,0,0,0,No
1,storm-core/src/jvm/storm/trident/state/CombinerValueUpdater.java,1,0,0,0,0,0,0,0,0,No
1,storm-core/src/jvm/storm/trident/state/ITupleCollection.java,1,0,0,0,0,0,0,0,0,No
1,storm-core/src/jvm/storm/trident/state/JSONNonTransactionalSerializer.java,1,0,0,0,0,0,0,0,0,No
1,storm-core/src/jvm/storm/trident/state/JSONOpaqueSerializer.java,1,0,0,0,0,0,0,0,0,No
1,storm-core/src/jvm/storm/trident/state/JSONTransactionalSerializer.java,1,0,0,0,0,0,0,0,0,No
1,storm-core/src/jvm/storm/trident/state/OpaqueValue.java,1,0,0,0,0,0,0,0,0,No
1,storm-core/src/jvm/storm/trident/state/QueryFunction.java,1,0,0,0,0,0,0,0,0,No
1,storm-core/src/jvm/storm/trident/state/ReadOnlyState.java,1,0,0,0,0,0,0,0,0,No
1,storm-core/src/jvm/storm/trident/state/ReducerValueUpdater.java,1,0,0,0,0,0,0,0,0,No
1,storm-core/src/jvm/storm/trident/state/Serializer.java,1,0,0,0,0,0,0,0,0,No
1,storm-core/src/jvm/storm/trident/state/State.java,1,0,0,0,0,0,0,0,0,No
1,storm-core/src/jvm/storm/trident/state/StateFactory.java,1,0,0,0,0,0,0,0,0,No
1,storm-core/src/jvm/storm/trident/state/StateSpec.java,1,0,0,0,0,0,0,0,0,No
1,storm-core/src/jvm/storm/trident/state/StateType.java,1,0,0,0,0,0,0,0,0,No
1,storm-core/src/jvm/storm/trident/state/StateUpdater.java,1,0,0,0,0,0,0,0,0,No
1,storm-core/src/jvm/storm/trident/state/TransactionalValue.java,1,0,0,0,0,0,0,0,0,No
1,storm-core/src/jvm/storm/trident/state/ValueUpdater.java,1,0,0,0,0,0,0,0,0,No
1,storm-core/src/jvm/storm/trident/state/map/CachedBatchReadsMap.java,1,0,0,0,0,0,0,0,0,No
1,storm-core/src/jvm/storm/trident/state/map/CachedMap.java,1,0,0,0,0,0,0,0,0,No
1,storm-core/src/jvm/storm/trident/state/map/IBackingMap.java,1,0,0,0,0,0,0,0,0,No
1,storm-core/src/jvm/storm/trident/state/map/MapCombinerAggStateUpdater.java,1,0,0,0,0,0,0,0,0,No
1,storm-core/src/jvm/storm/trident/state/map/MapReducerAggStateUpdater.java,1,0,0,0,0,0,0,0,0,No
1,storm-core/src/jvm/storm/trident/state/map/MapState.java,1,0,0,0,0,0,0,0,0,No
1,storm-core/src/jvm/storm/trident/state/map/MicroBatchIBackingMap.java,1,0,0,0,0,0,0,0,0,No
1,storm-core/src/jvm/storm/trident/state/map/NonTransactionalMap.java,1,0,0,0,0,0,0,0,0,No
1,storm-core/src/jvm/storm/trident/state/map/OpaqueMap.java,1,0,0,0,0,0,0,0,0,Yes
1,storm-core/src/jvm/storm/trident/state/map/ReadOnlyMapState.java,1,0,0,0,0,0,0,0,0,No
1,storm-core/src/jvm/storm/trident/state/map/SnapshottableMap.java,1,0,0,0,0,0,0,0,0,No
1,storm-core/src/jvm/storm/trident/state/map/TransactionalMap.java,1,0,0,0,0,0,0,0,0,No
1,storm-core/src/jvm/storm/trident/state/snapshot/ReadOnlySnapshottable.java,1,0,0,0,0,0,0,0,0,No
1,storm-core/src/jvm/storm/trident/state/snapshot/Snapshottable.java,1,0,0,0,0,0,0,0,0,No
1,storm-core/src/jvm/storm/trident/testing/CountAsAggregator.java,1,0,0,0,0,0,0,0,0,No
1,storm-core/src/jvm/storm/trident/testing/FeederBatchSpout.java,1,0,0,0,0,0,0,0,0,No
1,storm-core/src/jvm/storm/trident/testing/FeederCommitterBatchSpout.java,1,0,0,0,0,0,0,0,0,No
1,storm-core/src/jvm/storm/trident/testing/FixedBatchSpout.java,1,0,0,0,0,0,0,0,0,No
1,storm-core/src/jvm/storm/trident/testing/IFeeder.java,1,0,0,0,0,0,0,0,0,No
1,storm-core/src/jvm/storm/trident/testing/LRUMemoryMapState.java,1,0,0,0,0,0,0,0,0,No
1,storm-core/src/jvm/storm/trident/testing/MemoryBackingMap.java,1,0,0,0,0,0,0,0,0,No
1,storm-core/src/jvm/storm/trident/testing/MemoryMapState.java,1,0,0,0,0,0,0,0,0,Yes
1,storm-core/src/jvm/storm/trident/testing/MockTridentTuple.java,1,0,0,0,0,0,0,0,0,No
1,storm-core/src/jvm/storm/trident/testing/Split.java,1,0,0,0,0,0,0,0,0,No
1,storm-core/src/jvm/storm/trident/testing/StringLength.java,1,0,0,0,0,0,0,0,0,No
1,storm-core/src/jvm/storm/trident/testing/TrueFilter.java,1,0,0,0,0,0,0,0,0,No
1,storm-core/src/jvm/storm/trident/testing/TuplifyArgs.java,1,0,0,0,0,0,0,0,0,No
1,storm-core/src/jvm/storm/trident/topology/BatchInfo.java,1,0,0,0,0,0,0,0,0,No
1,storm-core/src/jvm/storm/trident/topology/ITridentBatchBolt.java,1,0,0,0,0,0,0,0,0,No
1,storm-core/src/jvm/storm/trident/topology/MasterBatchCoordinator.java,1,0,0,0,0,0,0,0,0,Yes
1,storm-core/src/jvm/storm/trident/topology/TransactionAttempt.java,1,0,0,0,0,0,0,0,0,No
1,storm-core/src/jvm/storm/trident/topology/TridentBoltExecutor.java,1,0,0,0,0,0,0,0,0,Yes
1,storm-core/src/jvm/storm/trident/topology/TridentTopologyBuilder.java,1,0,0,0,0,0,0,0,0,No
1,storm-core/src/jvm/storm/trident/topology/state/RotatingTransactionalState.java,1,0,0,0,0,0,0,0,0,No
1,storm-core/src/jvm/storm/trident/topology/state/TransactionalState.java,1,0,0,0,0,0,0,0,0,Yes
1,storm-core/src/jvm/storm/trident/tuple/ComboList.java,1,0,0,0,0,0,0,0,0,No
1,storm-core/src/jvm/storm/trident/tuple/ConsList.java,1,0,0,0,0,0,0,0,0,No
1,storm-core/src/jvm/storm/trident/tuple/TridentTuple.java,1,0,0,0,0,0,0,0,0,No
1,storm-core/src/jvm/storm/trident/tuple/TridentTupleView.java,1,0,0,0,0,0,0,0,0,No
1,storm-core/src/jvm/storm/trident/tuple/ValuePointer.java,1,0,0,0,0,0,0,0,0,No
1,storm-core/src/jvm/storm/trident/util/ErrorEdgeFactory.java,1,0,0,0,0,0,0,0,0,No
1,storm-core/src/jvm/storm/trident/util/IndexedEdge.java,1,0,0,0,0,0,0,0,0,No
1,storm-core/src/jvm/storm/trident/util/LRUMap.java,1,0,0,0,0,0,0,0,0,No
1,storm-core/src/jvm/storm/trident/util/TridentUtils.java,1,0,0,0,0,0,0,0,0,Yes
